user_id,ts,reply_count
1,1696057919.386370000000,
2,1696057931.731370000000,
3,1696057944.076370000000,3
1,1696057956.421370000000,
3,1696057968.766370000000,
2,1696057981.111370000000,