message_id,user_id,ts
3,1,1696057956.421370000000
3,3,1696057968.766370000000
3,2,1696057981.111370000000